	Tumor_Sample_Barcode	Variant_Classification	Variant_Type	Protein_Change	Reference_Allele	Tumor_Seq_Allele2
39889	TCGA-A1-A0SF	Missense_Mutation	SNP	p.L1793F	G	A
39890	TCGA-A1-A0SI	Missense_Mutation	SNP	p.W430C	C	G
39891	TCGA-A2-A0CS	Frame_Shift_Ins	INS	p.I4080fs	-	A
39892	TCGA-A2-A0D3	Frame_Shift_Del	DEL	p.S144fs	G	-
39893	TCGA-A2-A0EM	Frame_Shift_Ins	INS	p.P2436fs	-	G
39894	TCGA-A2-A0EN	Frame_Shift_Del	DEL	p.K3735fs	T	-
39895	TCGA-A2-A0SV	Missense_Mutation	SNP	p.I1381V	T	C
39896	TCGA-A2-A0YT	Frame_Shift_Ins	INS	p.S620fs	-	T
39897	TCGA-A2-A259	Nonsense_Mutation	SNP	p.Q109*	G	A
39899	TCGA-A7-A3RF	Nonsense_Mutation	SNP	p.Q1937*	G	A
39901	TCGA-A7-A5ZW	Missense_Mutation	SNP	p.H252Y	G	A
39902	TCGA-A8-A06P	Splice_Site	SNP	p.P1280P	T	C
39903	TCGA-A8-A06X	In_Frame_Ins	INS	p.3878_3878M>IE	-	TCT
39904	TCGA-A8-A07E	Missense_Mutation	SNP	p.H414Y	G	A
39906	TCGA-A8-A07Z	Frame_Shift_Del	DEL	p.L4157fs	A	-
39907	TCGA-A8-A08P	Nonsense_Mutation	SNP	p.E1486*	C	A
39908	TCGA-A8-A09Z	Nonsense_Mutation	SNP	p.Q1771*	G	A
39909	TCGA-A8-A0A6	Missense_Mutation	SNP	p.T3303P	T	G
39910	TCGA-A8-A0A6	Silent	SNP	p.P3277P	T	G
39911	TCGA-A8-A0A6	Silent	SNP	p.S1883S	T	G
39912	TCGA-A8-A0A6	Silent	SNP	p.P1856P	A	G
39913	TCGA-A8-A0A6	Missense_Mutation	SNP	p.T1837P	T	G
39914	TCGA-A8-A0A6	Silent	SNP	p.P1834P	T	G
39915	TCGA-A8-A0A6	Missense_Mutation	SNP	p.V1776G	A	C
39916	TCGA-A8-A0A6	Missense_Mutation	SNP	p.S914R	A	C
39925	TCGA-AN-A046	Nonsense_Mutation	SNP	p.R4478*	G	A
39926	TCGA-AN-A046	Missense_Mutation	SNP	p.E2885K	C	T
39927	TCGA-AN-A0XP	Frame_Shift_Del	DEL	p.P4577fs	GG	-
39928	TCGA-AN-A0XV	Nonsense_Mutation	SNP	p.S682*	G	C
39930	TCGA-AO-A0JF	Frame_Shift_Del	DEL	p.E633fs	C	-
39931	TCGA-AO-A125	Nonsense_Mutation	SNP	p.E1744*	C	A
39934	TCGA-AQ-A1H2	Frame_Shift_Del	DEL	p.S207fs	G	-
39937	TCGA-AR-A0U2	Frame_Shift_Ins	INS	p.S2330fs	-	AA
39938	TCGA-AR-A0U2	Frame_Shift_Ins	INS	p.G2329fs	-	T
39939	TCGA-AR-A24N	Nonsense_Mutation	SNP	p.Q3312*	G	A
39940	TCGA-AR-A24S	Nonsense_Mutation	SNP	p.E690*	C	A
39943	TCGA-B6-A0IP	Nonsense_Mutation	SNP	p.Q2147*	G	A
39944	TCGA-B6-A0RP	Missense_Mutation	SNP	p.D4425Y	C	A
39945	TCGA-B6-A0WV	Frame_Shift_Ins	INS	p.V1694fs	-	A
39946	TCGA-B6-A0X4	Nonsense_Mutation	SNP	p.E640*	C	A
39950	TCGA-BH-A0DE	Frame_Shift_Ins	INS	p.Q2018fs	-	A
39952	TCGA-BH-A0HQ	Frame_Shift_Del	DEL	p.A3756fs	C	-
39953	TCGA-BH-A18N	Frame_Shift_Del	DEL	p.L4390fs	G	-
39956	TCGA-BH-A1EY	Missense_Mutation	SNP	p.S3394N	C	T
39957	TCGA-C8-A12N	Frame_Shift_Del	DEL	p.R3868fs	C	-
39959	TCGA-C8-A3M7	Nonsense_Mutation	SNP	p.Q3151*	G	A
39960	TCGA-C8-A3M8	Missense_Mutation	SNP	p.C359S	C	G
39961	TCGA-D8-A1JP	Nonsense_Mutation	SNP	p.C417*	A	T
39962	TCGA-D8-A1JT	Frame_Shift_Del	DEL	p.K4647fs	TT	-
39963	TCGA-D8-A1X6	Frame_Shift_Ins	INS	p.K4764fs	-	CC
39964	TCGA-D8-A27P	Splice_Site	SNP		T	G
39965	TCGA-E2-A1L9	Frame_Shift_Ins	INS	p.R907fs	-	GG
39966	TCGA-E2-A1L9	Nonsense_Mutation	SNP	p.Q195*	G	A
39971	TCGA-E9-A226	Frame_Shift_Del	DEL	p.E3679fs	T	-
39972	TCGA-EW-A1J5	Missense_Mutation	SNP	p.E97Q	C	G
39973	TCGA-EW-A1OY	Nonsense_Mutation	SNP	p.Q1534*	G	A
39974	TCGA-LL-A50Y	Nonsense_Mutation	SNP	p.Q1719*	G	A
39975	TCGA-OL-A5RX	Nonsense_Mutation	SNP	p.Q1392*	G	A
39976	TCGA-OL-A66H	Frame_Shift_Del	DEL	p.G1309fs	C	-
39977	TCGA-OL-A66H	Nonsense_Mutation	SNP	p.C467*	A	T
