	sample	category	value	t_ref_count	t_alt_count	Protein_change
0	MGH0001-A-pre	AKT1	Missense_Mutation	66	26	p.E17K
1	MGH0001-A-pre	ESR1	Missense_Mutation	431	15	p.D538G
2	MGH0001-A-pre	BRAF	Missense_Mutation	223	15	p.N372S
3	MGH0001-A-pre	TP53	Missense_Mutation	390	23	p.R280T
4	MGH0001-A-pre	TP53	Missense_Mutation	210	11	p.R175H
5	MGH0001-A-pre	NCOR1	In_Frame_Del	65	25	p.K528del
6	MGH0001-A-pre	KMT2C	In_Frame_Del	63	27	p.QP13del
7	MGH0001-B-post	AKT1	Missense_Mutation	128	46	p.E17K
8	MGH0001-B-post	NCOR1	Missense_Mutation	123	52	p.P1994S
9	MGH0001-B-post	CDH1	Missense_Mutation	604	94	p.D433N
10	MGH0001-B-post	RB1	Frame_Shift	144	108	p.R71fs
11	MGH0001-B-post	NCOR1	In_Frame_Del	118	18	p.K528del
12	MGH0001-B-post	TP53	In_Frame_Del	228	117	p.T253del
13	MGH0001-B-post	KMT2C	In_Frame_Del	136	61	p.QP13del
14	MGH0001-C-post	KRAS	Missense_Mutation	295	11	p.G12S
15	MGH0001-C-post	TP53	Missense_Mutation	224	151	p.R273C
16	MGH0001-C-post	AKT1	Missense_Mutation	68	51	p.E17K
17	MGH0001-C-post	KMT2D	Missense_Mutation	142	9	p.P2053A
18	MGH0001-C-post	NCOR1	In_Frame_Del	108	25	p.K528del
19	MGH0001-C-post	KMT2C	In_Frame_Del	73	39	p.QP13del
20	MGH0003-C-pre	PIK3CA	Missense_Mutation	19	4	p.H1047R
21	MGH0003-B-post	PIK3CA	Missense_Mutation	13	22	p.H1047R
22	MGH0003-B-post	FOXA1	Missense_Mutation	12	11	p.R261S
23	MGH0003-B-post	PIK3CA	Missense_Mutation	25	13	p.E545Q
24	MGH0005-C-pre	PTEN	Nonsense_Mutation	403	175	p.R130*
25	MGH0005-C-pre	GATA3	Frame_Shift	486	97	p.S316fs
26	MGH0005-A-pre	PTEN	Nonsense_Mutation	91	9	p.R130*
27	MGH0005-A-pre	GATA3	Frame_Shift	171	5	p.S316fs
28	MGH0006-A-pre	TP53	Missense_Mutation	446	48	p.R290H
29	MGH0006-B-pre	TP53	Missense_Mutation	18	10	p.R290H
30	MGH0006-C-post	TP53	Missense_Mutation	54	55	p.R290H
31	MGH0007-A-pre	KRAS	Missense_Mutation	25	43	p.G12C
32	MGH0007-A-pre	TP53	Missense_Mutation	33	95	p.S241F
33	MGH0007-A-pre	NCOR1	Frame_Shift	34	71	p.G1557fs
34	MGH0007-A-pre	CDH1	Frame_Shift	36	48	p.N432fs
35	MGH0007-B-post	KRAS	Missense_Mutation	228	27	p.G12C
36	MGH0007-B-post	TP53	Missense_Mutation	386	34	p.S241F
37	MGH0007-B-post	NCOR1	Frame_Shift	334	33	p.G1557fs
38	MGH0007-B-post	CDH1	Frame_Shift	287	26	p.N432fs
39	MGH1002-A-pre	TP53	Missense_Mutation	21	19	p.A83S
40	MGH1002-A-pre	PIK3CA	Missense_Mutation	68	35	p.I817F
41	MGH1002-B-post	ESR1	Missense_Mutation	337	86	p.D538G
42	MGH1002-B-post	TP53	Missense_Mutation	26	32	p.A83S
43	MGH1002-B-post	PIK3CA	Missense_Mutation	91	80	p.I817F
44	MGH1006-A-pre	CDH1	Frame_Shift	84	71	p.LL581fs
45	MGH1006-B-post	ESR1	Missense_Mutation	577	126	p.Y537S
46	MGH1006-B-post	CDH1	Frame_Shift	155	144	p.LL581fs
47	MGH1009-A-pre	PIK3R1	Missense_Mutation	108	63	p.K567E
48	MGH1009-A-pre	NCOR1	Missense_Mutation	165	126	p.I1086V
49	MGH1009-A-pre	GATA3	Frame_Shift	1105	107	p.G334fs
50	MGH1009-B-post	PIK3R1	Missense_Mutation	92	33	p.K567E
51	MGH1009-B-post	ESR1	Missense_Mutation	435	144	p.Y537S
52	MGH1009-B-post	NCOR1	Missense_Mutation	160	121	p.I1086V
53	MGH1009-B-post	GATA3	Frame_Shift	861	122	p.G334fs
54	MGH1030-A-pre	NF1	Missense_Mutation	51	21	p.A2532V
55	MGH1030-A-pre	MAP3K1	Missense_Mutation	22	20	p.L1083F
56	MGH1030-B-post	BRAF	Missense_Mutation	36	4	p.P751T
57	MGH1030-B-post	NF1	Missense_Mutation	37	31	p.A2532V
58	MGH1030-B-post	PIK3CA	Missense_Mutation	16	7	p.E545K
59	MGH1030-B-post	MAP3K1	Missense_Mutation	15	18	p.L1083F
60	MGH1041-A-pre	KMT2D	Missense_Mutation	32	47	p.P998T
61	MGH1041-A-pre	GATA3	Frame_Shift	233	82	p.P408fs
62	MGH1041-B-post	KMT2D	Missense_Mutation	38	32	p.P998T
63	MGH1041-B-post	GATA3	Frame_Shift	148	60	p.P408fs
64	MGH1101-A-pre	KMT2D	Missense_Mutation	68	26	p.R5320C
65	MGH1101-A-pre	PTEN	Missense_Mutation	163	165	p.I135V
66	MGH1112-C-pre	ESR1	Missense_Mutation	346	119	p.G390V
67	MGH1112-C-pre	ESR1	Missense_Mutation	515	24	p.Y537S
68	MGH1112-A-pre	ESR1	Missense_Mutation	14	5	p.G390V
69	MGH1112-A-pre	ESR1	Missense_Mutation	23	4	p.Y537S
70	MGH1112-B-post	ESR1	Missense_Mutation	161	88	p.G390V
71	MGH1112-B-post	ESR1	Missense_Mutation	368	83	p.Y537S
72	MGH1173-A-pre	ESR1	Missense_Mutation	23	4	p.D538G
73	MGH1173-B-post	ESR1	Missense_Mutation	498	69	p.D538G
74	MGH1328-B-post	GATA3	Missense_Mutation	487	419	p.M294K
75	MGH1328-B-post	RB1	Missense_Mutation	28	185	p.E864Q
76	MGH1328-B-post	FOXA1	Missense_Mutation	31	19	p.F266L
77	MGH1328-B-post	NF1	Nonsense_Mutation	22	180	p.R1241*
78	MGH1328-B-post	PIK3CA	Missense_Mutation	73	66	p.H1047R
80	MGH1534-C-pre	CDH1	Nonsense_Mutation	630	81	p.E757*
81	MGH1534-C-pre	PIK3CA	Missense_Mutation	149	17	p.E542K
82	MGH1534-C-pre	BRAF	Missense_Mutation	453	57	p.V600E
83	MGH1573-B-post	ESR1	Missense_Mutation	360	75	p.Y537S
84	MGH1108-C-pre	PTEN	Nonsense_Mutation	40	14	p.Q214*
85	MGH1108-C-pre	KMT2C	Nonsense_Mutation	15	6	p.K489*
86	MGH1108-C-pre	CDH1	Frame_Shift	47	27	p.L583fs
87	MGH1108-B-post	PTEN	Nonsense_Mutation	31	86	p.Q214*
88	MGH1108-B-post	KMT2C	Nonsense_Mutation	35	49	p.K489*
89	MGH1108-B-post	TP53	Missense_Mutation	48	189	p.V197L
90	MGH1108-B-post	CDH1	Frame_Shift	36	135	p.L583fs
91	MGH1015-B-pre	PIK3CA	Missense_Mutation	10	23	p.H1047R
92	MGH1015-D-post	PIK3CA	Missense_Mutation	0	4	p.H1047R
93	MGH0004-B-post	ESR1	Missense_Mutation	99	20	p.Y537N
94	MGH0004-B-post	TP53	Missense_Mutation	80	52	p.R273H
95	MGH0004-C-post	TP53	Missense_Mutation	113	135	p.R273H
96	MGH0004-C-post	ESR1	Missense_Mutation	284	131	p.D538G
97	MGH1099-B-post	PIK3CA	Missense_Mutation	135	7	p.E545K
98	MGH1099-B-post	GATA3	Frame_Shift	205	39	p.S426fs
0	Space_MGH0001_1	KMT2D	Space			
1	Space_MGH0001_1	BRAF	Space			
2	Space_MGH0001_1	KMT2C	Space			
3	Space_MGH0001_1	TBX3	Space			
4	Space_MGH0001_1	KRAS	Space			
5	Space_MGH0001_1	PIK3CA	Space			
6	Space_MGH0001_1	ESR1	Space			
7	Space_MGH0001_1	NF1	Space			
8	Space_MGH0001_1	FOXA1	Space			
9	Space_MGH0001_1	RB1	Space			
10	Space_MGH0001_1	TP53	Space			
11	Space_MGH0001_1	CDH1	Space			
12	Space_MGH0001_1	PIK3R1	Space			
13	Space_MGH0001_1	NCOR1	Space			
14	Space_MGH0001_1	MAP3K1	Space			
15	Space_MGH0001_1	AKT1	Space			
16	Space_MGH0001_1	GATA3	Space			
17	Space_MGH0001_1	PTEN	Space			
18	Space_MGH0001_2	KMT2D	Space			
19	Space_MGH0001_2	BRAF	Space			
20	Space_MGH0001_2	KMT2C	Space			
21	Space_MGH0001_2	TBX3	Space			
22	Space_MGH0001_2	KRAS	Space			
23	Space_MGH0001_2	PIK3CA	Space			
24	Space_MGH0001_2	ESR1	Space			
25	Space_MGH0001_2	NF1	Space			
26	Space_MGH0001_2	FOXA1	Space			
27	Space_MGH0001_2	RB1	Space			
28	Space_MGH0001_2	TP53	Space			
29	Space_MGH0001_2	CDH1	Space			
30	Space_MGH0001_2	PIK3R1	Space			
31	Space_MGH0001_2	NCOR1	Space			
32	Space_MGH0001_2	MAP3K1	Space			
33	Space_MGH0001_2	AKT1	Space			
34	Space_MGH0001_2	GATA3	Space			
35	Space_MGH0001_2	PTEN	Space			
108	Space_MGH0003_1	KMT2D	Space			
109	Space_MGH0003_1	BRAF	Space			
110	Space_MGH0003_1	KMT2C	Space			
111	Space_MGH0003_1	TBX3	Space			
112	Space_MGH0003_1	KRAS	Space			
113	Space_MGH0003_1	PIK3CA	Space			
114	Space_MGH0003_1	ESR1	Space			
115	Space_MGH0003_1	NF1	Space			
116	Space_MGH0003_1	FOXA1	Space			
117	Space_MGH0003_1	RB1	Space			
118	Space_MGH0003_1	TP53	Space			
119	Space_MGH0003_1	CDH1	Space			
120	Space_MGH0003_1	PIK3R1	Space			
121	Space_MGH0003_1	NCOR1	Space			
122	Space_MGH0003_1	MAP3K1	Space			
123	Space_MGH0003_1	AKT1	Space			
124	Space_MGH0003_1	GATA3	Space			
125	Space_MGH0003_1	PTEN	Space			
126	Space_MGH0003_2	KMT2D	Space			
127	Space_MGH0003_2	BRAF	Space			
128	Space_MGH0003_2	KMT2C	Space			
129	Space_MGH0003_2	TBX3	Space			
130	Space_MGH0003_2	KRAS	Space			
131	Space_MGH0003_2	PIK3CA	Space			
132	Space_MGH0003_2	ESR1	Space			
133	Space_MGH0003_2	NF1	Space			
134	Space_MGH0003_2	FOXA1	Space			
135	Space_MGH0003_2	RB1	Space			
136	Space_MGH0003_2	TP53	Space			
137	Space_MGH0003_2	CDH1	Space			
138	Space_MGH0003_2	PIK3R1	Space			
139	Space_MGH0003_2	NCOR1	Space			
140	Space_MGH0003_2	MAP3K1	Space			
141	Space_MGH0003_2	AKT1	Space			
142	Space_MGH0003_2	GATA3	Space			
143	Space_MGH0003_2	PTEN	Space			
144	Space_MGH0003_1	KMT2D	Space			
145	Space_MGH0003_1	BRAF	Space			
146	Space_MGH0003_1	KMT2C	Space			
147	Space_MGH0003_1	TBX3	Space			
148	Space_MGH0003_1	KRAS	Space			
149	Space_MGH0003_1	PIK3CA	Space			
150	Space_MGH0003_1	ESR1	Space			
151	Space_MGH0003_1	NF1	Space			
152	Space_MGH0003_1	FOXA1	Space			
153	Space_MGH0003_1	RB1	Space			
154	Space_MGH0003_1	TP53	Space			
155	Space_MGH0003_1	CDH1	Space			
156	Space_MGH0003_1	PIK3R1	Space			
157	Space_MGH0003_1	NCOR1	Space			
158	Space_MGH0003_1	MAP3K1	Space			
159	Space_MGH0003_1	AKT1	Space			
160	Space_MGH0003_1	GATA3	Space			
161	Space_MGH0003_1	PTEN	Space			
162	Space_MGH0003_2	KMT2D	Space			
163	Space_MGH0003_2	BRAF	Space			
164	Space_MGH0003_2	KMT2C	Space			
165	Space_MGH0003_2	TBX3	Space			
166	Space_MGH0003_2	KRAS	Space			
167	Space_MGH0003_2	PIK3CA	Space			
168	Space_MGH0003_2	ESR1	Space			
169	Space_MGH0003_2	NF1	Space			
170	Space_MGH0003_2	FOXA1	Space			
171	Space_MGH0003_2	RB1	Space			
172	Space_MGH0003_2	TP53	Space			
173	Space_MGH0003_2	CDH1	Space			
174	Space_MGH0003_2	PIK3R1	Space			
175	Space_MGH0003_2	NCOR1	Space			
176	Space_MGH0003_2	MAP3K1	Space			
177	Space_MGH0003_2	AKT1	Space			
178	Space_MGH0003_2	GATA3	Space			
179	Space_MGH0003_2	PTEN	Space			
180	Space_MGH0005_1	KMT2D	Space			
181	Space_MGH0005_1	BRAF	Space			
182	Space_MGH0005_1	KMT2C	Space			
183	Space_MGH0005_1	TBX3	Space			
184	Space_MGH0005_1	KRAS	Space			
185	Space_MGH0005_1	PIK3CA	Space			
186	Space_MGH0005_1	ESR1	Space			
187	Space_MGH0005_1	NF1	Space			
188	Space_MGH0005_1	FOXA1	Space			
189	Space_MGH0005_1	RB1	Space			
190	Space_MGH0005_1	TP53	Space			
191	Space_MGH0005_1	CDH1	Space			
192	Space_MGH0005_1	PIK3R1	Space			
193	Space_MGH0005_1	NCOR1	Space			
194	Space_MGH0005_1	MAP3K1	Space			
195	Space_MGH0005_1	AKT1	Space			
196	Space_MGH0005_1	GATA3	Space			
197	Space_MGH0005_1	PTEN	Space			
198	Space_MGH0005_2	KMT2D	Space			
199	Space_MGH0005_2	BRAF	Space			
200	Space_MGH0005_2	KMT2C	Space			
201	Space_MGH0005_2	TBX3	Space			
202	Space_MGH0005_2	KRAS	Space			
203	Space_MGH0005_2	PIK3CA	Space			
204	Space_MGH0005_2	ESR1	Space			
205	Space_MGH0005_2	NF1	Space			
206	Space_MGH0005_2	FOXA1	Space			
207	Space_MGH0005_2	RB1	Space			
208	Space_MGH0005_2	TP53	Space			
209	Space_MGH0005_2	CDH1	Space			
210	Space_MGH0005_2	PIK3R1	Space			
211	Space_MGH0005_2	NCOR1	Space			
212	Space_MGH0005_2	MAP3K1	Space			
213	Space_MGH0005_2	AKT1	Space			
214	Space_MGH0005_2	GATA3	Space			
215	Space_MGH0005_2	PTEN	Space			
216	Space_MGH0005_1	KMT2D	Space			
217	Space_MGH0005_1	BRAF	Space			
218	Space_MGH0005_1	KMT2C	Space			
219	Space_MGH0005_1	TBX3	Space			
220	Space_MGH0005_1	KRAS	Space			
221	Space_MGH0005_1	PIK3CA	Space			
222	Space_MGH0005_1	ESR1	Space			
223	Space_MGH0005_1	NF1	Space			
224	Space_MGH0005_1	FOXA1	Space			
225	Space_MGH0005_1	RB1	Space			
226	Space_MGH0005_1	TP53	Space			
227	Space_MGH0005_1	CDH1	Space			
228	Space_MGH0005_1	PIK3R1	Space			
229	Space_MGH0005_1	NCOR1	Space			
230	Space_MGH0005_1	MAP3K1	Space			
231	Space_MGH0005_1	AKT1	Space			
232	Space_MGH0005_1	GATA3	Space			
233	Space_MGH0005_1	PTEN	Space			
234	Space_MGH0005_2	KMT2D	Space			
235	Space_MGH0005_2	BRAF	Space			
236	Space_MGH0005_2	KMT2C	Space			
237	Space_MGH0005_2	TBX3	Space			
238	Space_MGH0005_2	KRAS	Space			
239	Space_MGH0005_2	PIK3CA	Space			
240	Space_MGH0005_2	ESR1	Space			
241	Space_MGH0005_2	NF1	Space			
242	Space_MGH0005_2	FOXA1	Space			
243	Space_MGH0005_2	RB1	Space			
244	Space_MGH0005_2	TP53	Space			
245	Space_MGH0005_2	CDH1	Space			
246	Space_MGH0005_2	PIK3R1	Space			
247	Space_MGH0005_2	NCOR1	Space			
248	Space_MGH0005_2	MAP3K1	Space			
249	Space_MGH0005_2	AKT1	Space			
250	Space_MGH0005_2	GATA3	Space			
251	Space_MGH0005_2	PTEN	Space			
288	Space_MGH0006_1	KMT2D	Space			
289	Space_MGH0006_1	BRAF	Space			
290	Space_MGH0006_1	KMT2C	Space			
291	Space_MGH0006_1	TBX3	Space			
292	Space_MGH0006_1	KRAS	Space			
293	Space_MGH0006_1	PIK3CA	Space			
294	Space_MGH0006_1	ESR1	Space			
295	Space_MGH0006_1	NF1	Space			
296	Space_MGH0006_1	FOXA1	Space			
297	Space_MGH0006_1	RB1	Space			
298	Space_MGH0006_1	TP53	Space			
299	Space_MGH0006_1	CDH1	Space			
300	Space_MGH0006_1	PIK3R1	Space			
301	Space_MGH0006_1	NCOR1	Space			
302	Space_MGH0006_1	MAP3K1	Space			
303	Space_MGH0006_1	AKT1	Space			
304	Space_MGH0006_1	GATA3	Space			
305	Space_MGH0006_1	PTEN	Space			
306	Space_MGH0006_2	KMT2D	Space			
307	Space_MGH0006_2	BRAF	Space			
308	Space_MGH0006_2	KMT2C	Space			
309	Space_MGH0006_2	TBX3	Space			
310	Space_MGH0006_2	KRAS	Space			
311	Space_MGH0006_2	PIK3CA	Space			
312	Space_MGH0006_2	ESR1	Space			
313	Space_MGH0006_2	NF1	Space			
314	Space_MGH0006_2	FOXA1	Space			
315	Space_MGH0006_2	RB1	Space			
316	Space_MGH0006_2	TP53	Space			
317	Space_MGH0006_2	CDH1	Space			
318	Space_MGH0006_2	PIK3R1	Space			
319	Space_MGH0006_2	NCOR1	Space			
320	Space_MGH0006_2	MAP3K1	Space			
321	Space_MGH0006_2	AKT1	Space			
322	Space_MGH0006_2	GATA3	Space			
323	Space_MGH0006_2	PTEN	Space			
324	Space_MGH0006_1	KMT2D	Space			
325	Space_MGH0006_1	BRAF	Space			
326	Space_MGH0006_1	KMT2C	Space			
327	Space_MGH0006_1	TBX3	Space			
328	Space_MGH0006_1	KRAS	Space			
329	Space_MGH0006_1	PIK3CA	Space			
330	Space_MGH0006_1	ESR1	Space			
331	Space_MGH0006_1	NF1	Space			
332	Space_MGH0006_1	FOXA1	Space			
333	Space_MGH0006_1	RB1	Space			
334	Space_MGH0006_1	TP53	Space			
335	Space_MGH0006_1	CDH1	Space			
336	Space_MGH0006_1	PIK3R1	Space			
337	Space_MGH0006_1	NCOR1	Space			
338	Space_MGH0006_1	MAP3K1	Space			
339	Space_MGH0006_1	AKT1	Space			
340	Space_MGH0006_1	GATA3	Space			
341	Space_MGH0006_1	PTEN	Space			
342	Space_MGH0006_2	KMT2D	Space			
343	Space_MGH0006_2	BRAF	Space			
344	Space_MGH0006_2	KMT2C	Space			
345	Space_MGH0006_2	TBX3	Space			
346	Space_MGH0006_2	KRAS	Space			
347	Space_MGH0006_2	PIK3CA	Space			
348	Space_MGH0006_2	ESR1	Space			
349	Space_MGH0006_2	NF1	Space			
350	Space_MGH0006_2	FOXA1	Space			
351	Space_MGH0006_2	RB1	Space			
352	Space_MGH0006_2	TP53	Space			
353	Space_MGH0006_2	CDH1	Space			
354	Space_MGH0006_2	PIK3R1	Space			
355	Space_MGH0006_2	NCOR1	Space			
356	Space_MGH0006_2	MAP3K1	Space			
357	Space_MGH0006_2	AKT1	Space			
358	Space_MGH0006_2	GATA3	Space			
359	Space_MGH0006_2	PTEN	Space			
360	Space_MGH0007_1	KMT2D	Space			
361	Space_MGH0007_1	BRAF	Space			
362	Space_MGH0007_1	KMT2C	Space			
363	Space_MGH0007_1	TBX3	Space			
364	Space_MGH0007_1	KRAS	Space			
365	Space_MGH0007_1	PIK3CA	Space			
366	Space_MGH0007_1	ESR1	Space			
367	Space_MGH0007_1	NF1	Space			
368	Space_MGH0007_1	FOXA1	Space			
369	Space_MGH0007_1	RB1	Space			
370	Space_MGH0007_1	TP53	Space			
371	Space_MGH0007_1	CDH1	Space			
372	Space_MGH0007_1	PIK3R1	Space			
373	Space_MGH0007_1	NCOR1	Space			
374	Space_MGH0007_1	MAP3K1	Space			
375	Space_MGH0007_1	AKT1	Space			
376	Space_MGH0007_1	GATA3	Space			
377	Space_MGH0007_1	PTEN	Space			
378	Space_MGH0007_2	KMT2D	Space			
379	Space_MGH0007_2	BRAF	Space			
380	Space_MGH0007_2	KMT2C	Space			
381	Space_MGH0007_2	TBX3	Space			
382	Space_MGH0007_2	KRAS	Space			
383	Space_MGH0007_2	PIK3CA	Space			
384	Space_MGH0007_2	ESR1	Space			
385	Space_MGH0007_2	NF1	Space			
386	Space_MGH0007_2	FOXA1	Space			
387	Space_MGH0007_2	RB1	Space			
388	Space_MGH0007_2	TP53	Space			
389	Space_MGH0007_2	CDH1	Space			
390	Space_MGH0007_2	PIK3R1	Space			
391	Space_MGH0007_2	NCOR1	Space			
392	Space_MGH0007_2	MAP3K1	Space			
393	Space_MGH0007_2	AKT1	Space			
394	Space_MGH0007_2	GATA3	Space			
395	Space_MGH0007_2	PTEN	Space			
396	Space_MGH0007_1	KMT2D	Space			
397	Space_MGH0007_1	BRAF	Space			
398	Space_MGH0007_1	KMT2C	Space			
399	Space_MGH0007_1	TBX3	Space			
400	Space_MGH0007_1	KRAS	Space			
401	Space_MGH0007_1	PIK3CA	Space			
402	Space_MGH0007_1	ESR1	Space			
403	Space_MGH0007_1	NF1	Space			
404	Space_MGH0007_1	FOXA1	Space			
405	Space_MGH0007_1	RB1	Space			
406	Space_MGH0007_1	TP53	Space			
407	Space_MGH0007_1	CDH1	Space			
408	Space_MGH0007_1	PIK3R1	Space			
409	Space_MGH0007_1	NCOR1	Space			
410	Space_MGH0007_1	MAP3K1	Space			
411	Space_MGH0007_1	AKT1	Space			
412	Space_MGH0007_1	GATA3	Space			
413	Space_MGH0007_1	PTEN	Space			
414	Space_MGH0007_2	KMT2D	Space			
415	Space_MGH0007_2	BRAF	Space			
416	Space_MGH0007_2	KMT2C	Space			
417	Space_MGH0007_2	TBX3	Space			
418	Space_MGH0007_2	KRAS	Space			
419	Space_MGH0007_2	PIK3CA	Space			
420	Space_MGH0007_2	ESR1	Space			
421	Space_MGH0007_2	NF1	Space			
422	Space_MGH0007_2	FOXA1	Space			
423	Space_MGH0007_2	RB1	Space			
424	Space_MGH0007_2	TP53	Space			
425	Space_MGH0007_2	CDH1	Space			
426	Space_MGH0007_2	PIK3R1	Space			
427	Space_MGH0007_2	NCOR1	Space			
428	Space_MGH0007_2	MAP3K1	Space			
429	Space_MGH0007_2	AKT1	Space			
430	Space_MGH0007_2	GATA3	Space			
431	Space_MGH0007_2	PTEN	Space			
432	Space_MGH1002_1	KMT2D	Space			
433	Space_MGH1002_1	BRAF	Space			
434	Space_MGH1002_1	KMT2C	Space			
435	Space_MGH1002_1	TBX3	Space			
436	Space_MGH1002_1	KRAS	Space			
437	Space_MGH1002_1	PIK3CA	Space			
438	Space_MGH1002_1	ESR1	Space			
439	Space_MGH1002_1	NF1	Space			
440	Space_MGH1002_1	FOXA1	Space			
441	Space_MGH1002_1	RB1	Space			
442	Space_MGH1002_1	TP53	Space			
443	Space_MGH1002_1	CDH1	Space			
444	Space_MGH1002_1	PIK3R1	Space			
445	Space_MGH1002_1	NCOR1	Space			
446	Space_MGH1002_1	MAP3K1	Space			
447	Space_MGH1002_1	AKT1	Space			
448	Space_MGH1002_1	GATA3	Space			
449	Space_MGH1002_1	PTEN	Space			
450	Space_MGH1002_2	KMT2D	Space			
451	Space_MGH1002_2	BRAF	Space			
452	Space_MGH1002_2	KMT2C	Space			
453	Space_MGH1002_2	TBX3	Space			
454	Space_MGH1002_2	KRAS	Space			
455	Space_MGH1002_2	PIK3CA	Space			
456	Space_MGH1002_2	ESR1	Space			
457	Space_MGH1002_2	NF1	Space			
458	Space_MGH1002_2	FOXA1	Space			
459	Space_MGH1002_2	RB1	Space			
460	Space_MGH1002_2	TP53	Space			
461	Space_MGH1002_2	CDH1	Space			
462	Space_MGH1002_2	PIK3R1	Space			
463	Space_MGH1002_2	NCOR1	Space			
464	Space_MGH1002_2	MAP3K1	Space			
465	Space_MGH1002_2	AKT1	Space			
466	Space_MGH1002_2	GATA3	Space			
467	Space_MGH1002_2	PTEN	Space			
468	Space_MGH1002_1	KMT2D	Space			
469	Space_MGH1002_1	BRAF	Space			
470	Space_MGH1002_1	KMT2C	Space			
471	Space_MGH1002_1	TBX3	Space			
472	Space_MGH1002_1	KRAS	Space			
473	Space_MGH1002_1	PIK3CA	Space			
474	Space_MGH1002_1	ESR1	Space			
475	Space_MGH1002_1	NF1	Space			
476	Space_MGH1002_1	FOXA1	Space			
477	Space_MGH1002_1	RB1	Space			
478	Space_MGH1002_1	TP53	Space			
479	Space_MGH1002_1	CDH1	Space			
480	Space_MGH1002_1	PIK3R1	Space			
481	Space_MGH1002_1	NCOR1	Space			
482	Space_MGH1002_1	MAP3K1	Space			
483	Space_MGH1002_1	AKT1	Space			
484	Space_MGH1002_1	GATA3	Space			
485	Space_MGH1002_1	PTEN	Space			
486	Space_MGH1002_2	KMT2D	Space			
487	Space_MGH1002_2	BRAF	Space			
488	Space_MGH1002_2	KMT2C	Space			
489	Space_MGH1002_2	TBX3	Space			
490	Space_MGH1002_2	KRAS	Space			
491	Space_MGH1002_2	PIK3CA	Space			
492	Space_MGH1002_2	ESR1	Space			
493	Space_MGH1002_2	NF1	Space			
494	Space_MGH1002_2	FOXA1	Space			
495	Space_MGH1002_2	RB1	Space			
496	Space_MGH1002_2	TP53	Space			
497	Space_MGH1002_2	CDH1	Space			
498	Space_MGH1002_2	PIK3R1	Space			
499	Space_MGH1002_2	NCOR1	Space			
500	Space_MGH1002_2	MAP3K1	Space			
501	Space_MGH1002_2	AKT1	Space			
502	Space_MGH1002_2	GATA3	Space			
503	Space_MGH1002_2	PTEN	Space			
504	Space_MGH1006_1	KMT2D	Space			
505	Space_MGH1006_1	BRAF	Space			
506	Space_MGH1006_1	KMT2C	Space			
507	Space_MGH1006_1	TBX3	Space			
508	Space_MGH1006_1	KRAS	Space			
509	Space_MGH1006_1	PIK3CA	Space			
510	Space_MGH1006_1	ESR1	Space			
511	Space_MGH1006_1	NF1	Space			
512	Space_MGH1006_1	FOXA1	Space			
513	Space_MGH1006_1	RB1	Space			
514	Space_MGH1006_1	TP53	Space			
515	Space_MGH1006_1	CDH1	Space			
516	Space_MGH1006_1	PIK3R1	Space			
517	Space_MGH1006_1	NCOR1	Space			
518	Space_MGH1006_1	MAP3K1	Space			
519	Space_MGH1006_1	AKT1	Space			
520	Space_MGH1006_1	GATA3	Space			
521	Space_MGH1006_1	PTEN	Space			
522	Space_MGH1006_2	KMT2D	Space			
523	Space_MGH1006_2	BRAF	Space			
524	Space_MGH1006_2	KMT2C	Space			
525	Space_MGH1006_2	TBX3	Space			
526	Space_MGH1006_2	KRAS	Space			
527	Space_MGH1006_2	PIK3CA	Space			
528	Space_MGH1006_2	ESR1	Space			
529	Space_MGH1006_2	NF1	Space			
530	Space_MGH1006_2	FOXA1	Space			
531	Space_MGH1006_2	RB1	Space			
532	Space_MGH1006_2	TP53	Space			
533	Space_MGH1006_2	CDH1	Space			
534	Space_MGH1006_2	PIK3R1	Space			
535	Space_MGH1006_2	NCOR1	Space			
536	Space_MGH1006_2	MAP3K1	Space			
537	Space_MGH1006_2	AKT1	Space			
538	Space_MGH1006_2	GATA3	Space			
539	Space_MGH1006_2	PTEN	Space			
540	Space_MGH1006_1	KMT2D	Space			
541	Space_MGH1006_1	BRAF	Space			
542	Space_MGH1006_1	KMT2C	Space			
543	Space_MGH1006_1	TBX3	Space			
544	Space_MGH1006_1	KRAS	Space			
545	Space_MGH1006_1	PIK3CA	Space			
546	Space_MGH1006_1	ESR1	Space			
547	Space_MGH1006_1	NF1	Space			
548	Space_MGH1006_1	FOXA1	Space			
549	Space_MGH1006_1	RB1	Space			
550	Space_MGH1006_1	TP53	Space			
551	Space_MGH1006_1	CDH1	Space			
552	Space_MGH1006_1	PIK3R1	Space			
553	Space_MGH1006_1	NCOR1	Space			
554	Space_MGH1006_1	MAP3K1	Space			
555	Space_MGH1006_1	AKT1	Space			
556	Space_MGH1006_1	GATA3	Space			
557	Space_MGH1006_1	PTEN	Space			
558	Space_MGH1006_2	KMT2D	Space			
559	Space_MGH1006_2	BRAF	Space			
560	Space_MGH1006_2	KMT2C	Space			
561	Space_MGH1006_2	TBX3	Space			
562	Space_MGH1006_2	KRAS	Space			
563	Space_MGH1006_2	PIK3CA	Space			
564	Space_MGH1006_2	ESR1	Space			
565	Space_MGH1006_2	NF1	Space			
566	Space_MGH1006_2	FOXA1	Space			
567	Space_MGH1006_2	RB1	Space			
568	Space_MGH1006_2	TP53	Space			
569	Space_MGH1006_2	CDH1	Space			
570	Space_MGH1006_2	PIK3R1	Space			
571	Space_MGH1006_2	NCOR1	Space			
572	Space_MGH1006_2	MAP3K1	Space			
573	Space_MGH1006_2	AKT1	Space			
574	Space_MGH1006_2	GATA3	Space			
575	Space_MGH1006_2	PTEN	Space			
576	Space_MGH1009_1	KMT2D	Space			
577	Space_MGH1009_1	BRAF	Space			
578	Space_MGH1009_1	KMT2C	Space			
579	Space_MGH1009_1	TBX3	Space			
580	Space_MGH1009_1	KRAS	Space			
581	Space_MGH1009_1	PIK3CA	Space			
582	Space_MGH1009_1	ESR1	Space			
583	Space_MGH1009_1	NF1	Space			
584	Space_MGH1009_1	FOXA1	Space			
585	Space_MGH1009_1	RB1	Space			
586	Space_MGH1009_1	TP53	Space			
587	Space_MGH1009_1	CDH1	Space			
588	Space_MGH1009_1	PIK3R1	Space			
589	Space_MGH1009_1	NCOR1	Space			
590	Space_MGH1009_1	MAP3K1	Space			
591	Space_MGH1009_1	AKT1	Space			
592	Space_MGH1009_1	GATA3	Space			
593	Space_MGH1009_1	PTEN	Space			
594	Space_MGH1009_2	KMT2D	Space			
595	Space_MGH1009_2	BRAF	Space			
596	Space_MGH1009_2	KMT2C	Space			
597	Space_MGH1009_2	TBX3	Space			
598	Space_MGH1009_2	KRAS	Space			
599	Space_MGH1009_2	PIK3CA	Space			
600	Space_MGH1009_2	ESR1	Space			
601	Space_MGH1009_2	NF1	Space			
602	Space_MGH1009_2	FOXA1	Space			
603	Space_MGH1009_2	RB1	Space			
604	Space_MGH1009_2	TP53	Space			
605	Space_MGH1009_2	CDH1	Space			
606	Space_MGH1009_2	PIK3R1	Space			
607	Space_MGH1009_2	NCOR1	Space			
608	Space_MGH1009_2	MAP3K1	Space			
609	Space_MGH1009_2	AKT1	Space			
610	Space_MGH1009_2	GATA3	Space			
611	Space_MGH1009_2	PTEN	Space			
612	Space_MGH1009_1	KMT2D	Space			
613	Space_MGH1009_1	BRAF	Space			
614	Space_MGH1009_1	KMT2C	Space			
615	Space_MGH1009_1	TBX3	Space			
616	Space_MGH1009_1	KRAS	Space			
617	Space_MGH1009_1	PIK3CA	Space			
618	Space_MGH1009_1	ESR1	Space			
619	Space_MGH1009_1	NF1	Space			
620	Space_MGH1009_1	FOXA1	Space			
621	Space_MGH1009_1	RB1	Space			
622	Space_MGH1009_1	TP53	Space			
623	Space_MGH1009_1	CDH1	Space			
624	Space_MGH1009_1	PIK3R1	Space			
625	Space_MGH1009_1	NCOR1	Space			
626	Space_MGH1009_1	MAP3K1	Space			
627	Space_MGH1009_1	AKT1	Space			
628	Space_MGH1009_1	GATA3	Space			
629	Space_MGH1009_1	PTEN	Space			
630	Space_MGH1009_2	KMT2D	Space			
631	Space_MGH1009_2	BRAF	Space			
632	Space_MGH1009_2	KMT2C	Space			
633	Space_MGH1009_2	TBX3	Space			
634	Space_MGH1009_2	KRAS	Space			
635	Space_MGH1009_2	PIK3CA	Space			
636	Space_MGH1009_2	ESR1	Space			
637	Space_MGH1009_2	NF1	Space			
638	Space_MGH1009_2	FOXA1	Space			
639	Space_MGH1009_2	RB1	Space			
640	Space_MGH1009_2	TP53	Space			
641	Space_MGH1009_2	CDH1	Space			
642	Space_MGH1009_2	PIK3R1	Space			
643	Space_MGH1009_2	NCOR1	Space			
644	Space_MGH1009_2	MAP3K1	Space			
645	Space_MGH1009_2	AKT1	Space			
646	Space_MGH1009_2	GATA3	Space			
647	Space_MGH1009_2	PTEN	Space			
648	Space_MGH1030_1	KMT2D	Space			
649	Space_MGH1030_1	BRAF	Space			
650	Space_MGH1030_1	KMT2C	Space			
651	Space_MGH1030_1	TBX3	Space			
652	Space_MGH1030_1	KRAS	Space			
653	Space_MGH1030_1	PIK3CA	Space			
654	Space_MGH1030_1	ESR1	Space			
655	Space_MGH1030_1	NF1	Space			
656	Space_MGH1030_1	FOXA1	Space			
657	Space_MGH1030_1	RB1	Space			
658	Space_MGH1030_1	TP53	Space			
659	Space_MGH1030_1	CDH1	Space			
660	Space_MGH1030_1	PIK3R1	Space			
661	Space_MGH1030_1	NCOR1	Space			
662	Space_MGH1030_1	MAP3K1	Space			
663	Space_MGH1030_1	AKT1	Space			
664	Space_MGH1030_1	GATA3	Space			
665	Space_MGH1030_1	PTEN	Space			
666	Space_MGH1030_2	KMT2D	Space			
667	Space_MGH1030_2	BRAF	Space			
668	Space_MGH1030_2	KMT2C	Space			
669	Space_MGH1030_2	TBX3	Space			
670	Space_MGH1030_2	KRAS	Space			
671	Space_MGH1030_2	PIK3CA	Space			
672	Space_MGH1030_2	ESR1	Space			
673	Space_MGH1030_2	NF1	Space			
674	Space_MGH1030_2	FOXA1	Space			
675	Space_MGH1030_2	RB1	Space			
676	Space_MGH1030_2	TP53	Space			
677	Space_MGH1030_2	CDH1	Space			
678	Space_MGH1030_2	PIK3R1	Space			
679	Space_MGH1030_2	NCOR1	Space			
680	Space_MGH1030_2	MAP3K1	Space			
681	Space_MGH1030_2	AKT1	Space			
682	Space_MGH1030_2	GATA3	Space			
683	Space_MGH1030_2	PTEN	Space			
684	Space_MGH1030_1	KMT2D	Space			
685	Space_MGH1030_1	BRAF	Space			
686	Space_MGH1030_1	KMT2C	Space			
687	Space_MGH1030_1	TBX3	Space			
688	Space_MGH1030_1	KRAS	Space			
689	Space_MGH1030_1	PIK3CA	Space			
690	Space_MGH1030_1	ESR1	Space			
691	Space_MGH1030_1	NF1	Space			
692	Space_MGH1030_1	FOXA1	Space			
693	Space_MGH1030_1	RB1	Space			
694	Space_MGH1030_1	TP53	Space			
695	Space_MGH1030_1	CDH1	Space			
696	Space_MGH1030_1	PIK3R1	Space			
697	Space_MGH1030_1	NCOR1	Space			
698	Space_MGH1030_1	MAP3K1	Space			
699	Space_MGH1030_1	AKT1	Space			
700	Space_MGH1030_1	GATA3	Space			
701	Space_MGH1030_1	PTEN	Space			
702	Space_MGH1030_2	KMT2D	Space			
703	Space_MGH1030_2	BRAF	Space			
704	Space_MGH1030_2	KMT2C	Space			
705	Space_MGH1030_2	TBX3	Space			
706	Space_MGH1030_2	KRAS	Space			
707	Space_MGH1030_2	PIK3CA	Space			
708	Space_MGH1030_2	ESR1	Space			
709	Space_MGH1030_2	NF1	Space			
710	Space_MGH1030_2	FOXA1	Space			
711	Space_MGH1030_2	RB1	Space			
712	Space_MGH1030_2	TP53	Space			
713	Space_MGH1030_2	CDH1	Space			
714	Space_MGH1030_2	PIK3R1	Space			
715	Space_MGH1030_2	NCOR1	Space			
716	Space_MGH1030_2	MAP3K1	Space			
717	Space_MGH1030_2	AKT1	Space			
718	Space_MGH1030_2	GATA3	Space			
719	Space_MGH1030_2	PTEN	Space			
720	Space_MGH1041_1	KMT2D	Space			
721	Space_MGH1041_1	BRAF	Space			
722	Space_MGH1041_1	KMT2C	Space			
723	Space_MGH1041_1	TBX3	Space			
724	Space_MGH1041_1	KRAS	Space			
725	Space_MGH1041_1	PIK3CA	Space			
726	Space_MGH1041_1	ESR1	Space			
727	Space_MGH1041_1	NF1	Space			
728	Space_MGH1041_1	FOXA1	Space			
729	Space_MGH1041_1	RB1	Space			
730	Space_MGH1041_1	TP53	Space			
731	Space_MGH1041_1	CDH1	Space			
732	Space_MGH1041_1	PIK3R1	Space			
733	Space_MGH1041_1	NCOR1	Space			
734	Space_MGH1041_1	MAP3K1	Space			
735	Space_MGH1041_1	AKT1	Space			
736	Space_MGH1041_1	GATA3	Space			
737	Space_MGH1041_1	PTEN	Space			
738	Space_MGH1041_2	KMT2D	Space			
739	Space_MGH1041_2	BRAF	Space			
740	Space_MGH1041_2	KMT2C	Space			
741	Space_MGH1041_2	TBX3	Space			
742	Space_MGH1041_2	KRAS	Space			
743	Space_MGH1041_2	PIK3CA	Space			
744	Space_MGH1041_2	ESR1	Space			
745	Space_MGH1041_2	NF1	Space			
746	Space_MGH1041_2	FOXA1	Space			
747	Space_MGH1041_2	RB1	Space			
748	Space_MGH1041_2	TP53	Space			
749	Space_MGH1041_2	CDH1	Space			
750	Space_MGH1041_2	PIK3R1	Space			
751	Space_MGH1041_2	NCOR1	Space			
752	Space_MGH1041_2	MAP3K1	Space			
753	Space_MGH1041_2	AKT1	Space			
754	Space_MGH1041_2	GATA3	Space			
755	Space_MGH1041_2	PTEN	Space			
756	Space_MGH1041_1	KMT2D	Space			
757	Space_MGH1041_1	BRAF	Space			
758	Space_MGH1041_1	KMT2C	Space			
759	Space_MGH1041_1	TBX3	Space			
760	Space_MGH1041_1	KRAS	Space			
761	Space_MGH1041_1	PIK3CA	Space			
762	Space_MGH1041_1	ESR1	Space			
763	Space_MGH1041_1	NF1	Space			
764	Space_MGH1041_1	FOXA1	Space			
765	Space_MGH1041_1	RB1	Space			
766	Space_MGH1041_1	TP53	Space			
767	Space_MGH1041_1	CDH1	Space			
768	Space_MGH1041_1	PIK3R1	Space			
769	Space_MGH1041_1	NCOR1	Space			
770	Space_MGH1041_1	MAP3K1	Space			
771	Space_MGH1041_1	AKT1	Space			
772	Space_MGH1041_1	GATA3	Space			
773	Space_MGH1041_1	PTEN	Space			
774	Space_MGH1041_2	KMT2D	Space			
775	Space_MGH1041_2	BRAF	Space			
776	Space_MGH1041_2	KMT2C	Space			
777	Space_MGH1041_2	TBX3	Space			
778	Space_MGH1041_2	KRAS	Space			
779	Space_MGH1041_2	PIK3CA	Space			
780	Space_MGH1041_2	ESR1	Space			
781	Space_MGH1041_2	NF1	Space			
782	Space_MGH1041_2	FOXA1	Space			
783	Space_MGH1041_2	RB1	Space			
784	Space_MGH1041_2	TP53	Space			
785	Space_MGH1041_2	CDH1	Space			
786	Space_MGH1041_2	PIK3R1	Space			
787	Space_MGH1041_2	NCOR1	Space			
788	Space_MGH1041_2	MAP3K1	Space			
789	Space_MGH1041_2	AKT1	Space			
790	Space_MGH1041_2	GATA3	Space			
791	Space_MGH1041_2	PTEN	Space			
792	Space_MGH1101_1	KMT2D	Space			
793	Space_MGH1101_1	BRAF	Space			
794	Space_MGH1101_1	KMT2C	Space			
795	Space_MGH1101_1	TBX3	Space			
796	Space_MGH1101_1	KRAS	Space			
797	Space_MGH1101_1	PIK3CA	Space			
798	Space_MGH1101_1	ESR1	Space			
799	Space_MGH1101_1	NF1	Space			
800	Space_MGH1101_1	FOXA1	Space			
801	Space_MGH1101_1	RB1	Space			
802	Space_MGH1101_1	TP53	Space			
803	Space_MGH1101_1	CDH1	Space			
804	Space_MGH1101_1	PIK3R1	Space			
805	Space_MGH1101_1	NCOR1	Space			
806	Space_MGH1101_1	MAP3K1	Space			
807	Space_MGH1101_1	AKT1	Space			
808	Space_MGH1101_1	GATA3	Space			
809	Space_MGH1101_1	PTEN	Space			
810	Space_MGH1101_2	KMT2D	Space			
811	Space_MGH1101_2	BRAF	Space			
812	Space_MGH1101_2	KMT2C	Space			
813	Space_MGH1101_2	TBX3	Space			
814	Space_MGH1101_2	KRAS	Space			
815	Space_MGH1101_2	PIK3CA	Space			
816	Space_MGH1101_2	ESR1	Space			
817	Space_MGH1101_2	NF1	Space			
818	Space_MGH1101_2	FOXA1	Space			
819	Space_MGH1101_2	RB1	Space			
820	Space_MGH1101_2	TP53	Space			
821	Space_MGH1101_2	CDH1	Space			
822	Space_MGH1101_2	PIK3R1	Space			
823	Space_MGH1101_2	NCOR1	Space			
824	Space_MGH1101_2	MAP3K1	Space			
825	Space_MGH1101_2	AKT1	Space			
826	Space_MGH1101_2	GATA3	Space			
827	Space_MGH1101_2	PTEN	Space			
828	Space_MGH1112_1	KMT2D	Space			
829	Space_MGH1112_1	BRAF	Space			
830	Space_MGH1112_1	KMT2C	Space			
831	Space_MGH1112_1	TBX3	Space			
832	Space_MGH1112_1	KRAS	Space			
833	Space_MGH1112_1	PIK3CA	Space			
834	Space_MGH1112_1	ESR1	Space			
835	Space_MGH1112_1	NF1	Space			
836	Space_MGH1112_1	FOXA1	Space			
837	Space_MGH1112_1	RB1	Space			
838	Space_MGH1112_1	TP53	Space			
839	Space_MGH1112_1	CDH1	Space			
840	Space_MGH1112_1	PIK3R1	Space			
841	Space_MGH1112_1	NCOR1	Space			
842	Space_MGH1112_1	MAP3K1	Space			
843	Space_MGH1112_1	AKT1	Space			
844	Space_MGH1112_1	GATA3	Space			
845	Space_MGH1112_1	PTEN	Space			
846	Space_MGH1112_2	KMT2D	Space			
847	Space_MGH1112_2	BRAF	Space			
848	Space_MGH1112_2	KMT2C	Space			
849	Space_MGH1112_2	TBX3	Space			
850	Space_MGH1112_2	KRAS	Space			
851	Space_MGH1112_2	PIK3CA	Space			
852	Space_MGH1112_2	ESR1	Space			
853	Space_MGH1112_2	NF1	Space			
854	Space_MGH1112_2	FOXA1	Space			
855	Space_MGH1112_2	RB1	Space			
856	Space_MGH1112_2	TP53	Space			
857	Space_MGH1112_2	CDH1	Space			
858	Space_MGH1112_2	PIK3R1	Space			
859	Space_MGH1112_2	NCOR1	Space			
860	Space_MGH1112_2	MAP3K1	Space			
861	Space_MGH1112_2	AKT1	Space			
862	Space_MGH1112_2	GATA3	Space			
863	Space_MGH1112_2	PTEN	Space			
900	Space_MGH1112_1	KMT2D	Space			
901	Space_MGH1112_1	BRAF	Space			
902	Space_MGH1112_1	KMT2C	Space			
903	Space_MGH1112_1	TBX3	Space			
904	Space_MGH1112_1	KRAS	Space			
905	Space_MGH1112_1	PIK3CA	Space			
906	Space_MGH1112_1	ESR1	Space			
907	Space_MGH1112_1	NF1	Space			
908	Space_MGH1112_1	FOXA1	Space			
909	Space_MGH1112_1	RB1	Space			
910	Space_MGH1112_1	TP53	Space			
911	Space_MGH1112_1	CDH1	Space			
912	Space_MGH1112_1	PIK3R1	Space			
913	Space_MGH1112_1	NCOR1	Space			
914	Space_MGH1112_1	MAP3K1	Space			
915	Space_MGH1112_1	AKT1	Space			
916	Space_MGH1112_1	GATA3	Space			
917	Space_MGH1112_1	PTEN	Space			
918	Space_MGH1112_2	KMT2D	Space			
919	Space_MGH1112_2	BRAF	Space			
920	Space_MGH1112_2	KMT2C	Space			
921	Space_MGH1112_2	TBX3	Space			
922	Space_MGH1112_2	KRAS	Space			
923	Space_MGH1112_2	PIK3CA	Space			
924	Space_MGH1112_2	ESR1	Space			
925	Space_MGH1112_2	NF1	Space			
926	Space_MGH1112_2	FOXA1	Space			
927	Space_MGH1112_2	RB1	Space			
928	Space_MGH1112_2	TP53	Space			
929	Space_MGH1112_2	CDH1	Space			
930	Space_MGH1112_2	PIK3R1	Space			
931	Space_MGH1112_2	NCOR1	Space			
932	Space_MGH1112_2	MAP3K1	Space			
933	Space_MGH1112_2	AKT1	Space			
934	Space_MGH1112_2	GATA3	Space			
935	Space_MGH1112_2	PTEN	Space			
936	Space_MGH1173_1	KMT2D	Space			
937	Space_MGH1173_1	BRAF	Space			
938	Space_MGH1173_1	KMT2C	Space			
939	Space_MGH1173_1	TBX3	Space			
940	Space_MGH1173_1	KRAS	Space			
941	Space_MGH1173_1	PIK3CA	Space			
942	Space_MGH1173_1	ESR1	Space			
943	Space_MGH1173_1	NF1	Space			
944	Space_MGH1173_1	FOXA1	Space			
945	Space_MGH1173_1	RB1	Space			
946	Space_MGH1173_1	TP53	Space			
947	Space_MGH1173_1	CDH1	Space			
948	Space_MGH1173_1	PIK3R1	Space			
949	Space_MGH1173_1	NCOR1	Space			
950	Space_MGH1173_1	MAP3K1	Space			
951	Space_MGH1173_1	AKT1	Space			
952	Space_MGH1173_1	GATA3	Space			
953	Space_MGH1173_1	PTEN	Space			
954	Space_MGH1173_2	KMT2D	Space			
955	Space_MGH1173_2	BRAF	Space			
956	Space_MGH1173_2	KMT2C	Space			
957	Space_MGH1173_2	TBX3	Space			
958	Space_MGH1173_2	KRAS	Space			
959	Space_MGH1173_2	PIK3CA	Space			
960	Space_MGH1173_2	ESR1	Space			
961	Space_MGH1173_2	NF1	Space			
962	Space_MGH1173_2	FOXA1	Space			
963	Space_MGH1173_2	RB1	Space			
964	Space_MGH1173_2	TP53	Space			
965	Space_MGH1173_2	CDH1	Space			
966	Space_MGH1173_2	PIK3R1	Space			
967	Space_MGH1173_2	NCOR1	Space			
968	Space_MGH1173_2	MAP3K1	Space			
969	Space_MGH1173_2	AKT1	Space			
970	Space_MGH1173_2	GATA3	Space			
971	Space_MGH1173_2	PTEN	Space			
972	Space_MGH1173_1	KMT2D	Space			
973	Space_MGH1173_1	BRAF	Space			
974	Space_MGH1173_1	KMT2C	Space			
975	Space_MGH1173_1	TBX3	Space			
976	Space_MGH1173_1	KRAS	Space			
977	Space_MGH1173_1	PIK3CA	Space			
978	Space_MGH1173_1	ESR1	Space			
979	Space_MGH1173_1	NF1	Space			
980	Space_MGH1173_1	FOXA1	Space			
981	Space_MGH1173_1	RB1	Space			
982	Space_MGH1173_1	TP53	Space			
983	Space_MGH1173_1	CDH1	Space			
984	Space_MGH1173_1	PIK3R1	Space			
985	Space_MGH1173_1	NCOR1	Space			
986	Space_MGH1173_1	MAP3K1	Space			
987	Space_MGH1173_1	AKT1	Space			
988	Space_MGH1173_1	GATA3	Space			
989	Space_MGH1173_1	PTEN	Space			
990	Space_MGH1173_2	KMT2D	Space			
991	Space_MGH1173_2	BRAF	Space			
992	Space_MGH1173_2	KMT2C	Space			
993	Space_MGH1173_2	TBX3	Space			
994	Space_MGH1173_2	KRAS	Space			
995	Space_MGH1173_2	PIK3CA	Space			
996	Space_MGH1173_2	ESR1	Space			
997	Space_MGH1173_2	NF1	Space			
998	Space_MGH1173_2	FOXA1	Space			
999	Space_MGH1173_2	RB1	Space			
1000	Space_MGH1173_2	TP53	Space			
1001	Space_MGH1173_2	CDH1	Space			
1002	Space_MGH1173_2	PIK3R1	Space			
1003	Space_MGH1173_2	NCOR1	Space			
1004	Space_MGH1173_2	MAP3K1	Space			
1005	Space_MGH1173_2	AKT1	Space			
1006	Space_MGH1173_2	GATA3	Space			
1007	Space_MGH1173_2	PTEN	Space			
1008	Space_MGH1328_1	KMT2D	Space			
1009	Space_MGH1328_1	BRAF	Space			
1010	Space_MGH1328_1	KMT2C	Space			
1011	Space_MGH1328_1	TBX3	Space			
1012	Space_MGH1328_1	KRAS	Space			
1013	Space_MGH1328_1	PIK3CA	Space			
1014	Space_MGH1328_1	ESR1	Space			
1015	Space_MGH1328_1	NF1	Space			
1016	Space_MGH1328_1	FOXA1	Space			
1017	Space_MGH1328_1	RB1	Space			
1018	Space_MGH1328_1	TP53	Space			
1019	Space_MGH1328_1	CDH1	Space			
1020	Space_MGH1328_1	PIK3R1	Space			
1021	Space_MGH1328_1	NCOR1	Space			
1022	Space_MGH1328_1	MAP3K1	Space			
1023	Space_MGH1328_1	AKT1	Space			
1024	Space_MGH1328_1	GATA3	Space			
1025	Space_MGH1328_1	PTEN	Space			
1026	Space_MGH1328_2	KMT2D	Space			
1027	Space_MGH1328_2	BRAF	Space			
1028	Space_MGH1328_2	KMT2C	Space			
1029	Space_MGH1328_2	TBX3	Space			
1030	Space_MGH1328_2	KRAS	Space			
1031	Space_MGH1328_2	PIK3CA	Space			
1032	Space_MGH1328_2	ESR1	Space			
1033	Space_MGH1328_2	NF1	Space			
1034	Space_MGH1328_2	FOXA1	Space			
1035	Space_MGH1328_2	RB1	Space			
1036	Space_MGH1328_2	TP53	Space			
1037	Space_MGH1328_2	CDH1	Space			
1038	Space_MGH1328_2	PIK3R1	Space			
1039	Space_MGH1328_2	NCOR1	Space			
1040	Space_MGH1328_2	MAP3K1	Space			
1041	Space_MGH1328_2	AKT1	Space			
1042	Space_MGH1328_2	GATA3	Space			
1043	Space_MGH1328_2	PTEN	Space			
1080	Space_MGH1573_1	KMT2D	Space			
1081	Space_MGH1573_1	BRAF	Space			
1082	Space_MGH1573_1	KMT2C	Space			
1083	Space_MGH1573_1	TBX3	Space			
1084	Space_MGH1573_1	KRAS	Space			
1085	Space_MGH1573_1	PIK3CA	Space			
1086	Space_MGH1573_1	ESR1	Space			
1087	Space_MGH1573_1	NF1	Space			
1088	Space_MGH1573_1	FOXA1	Space			
1089	Space_MGH1573_1	RB1	Space			
1090	Space_MGH1573_1	TP53	Space			
1091	Space_MGH1573_1	CDH1	Space			
1092	Space_MGH1573_1	PIK3R1	Space			
1093	Space_MGH1573_1	NCOR1	Space			
1094	Space_MGH1573_1	MAP3K1	Space			
1095	Space_MGH1573_1	AKT1	Space			
1096	Space_MGH1573_1	GATA3	Space			
1097	Space_MGH1573_1	PTEN	Space			
1098	Space_MGH1573_2	KMT2D	Space			
1099	Space_MGH1573_2	BRAF	Space			
1100	Space_MGH1573_2	KMT2C	Space			
1101	Space_MGH1573_2	TBX3	Space			
1102	Space_MGH1573_2	KRAS	Space			
1103	Space_MGH1573_2	PIK3CA	Space			
1104	Space_MGH1573_2	ESR1	Space			
1105	Space_MGH1573_2	NF1	Space			
1106	Space_MGH1573_2	FOXA1	Space			
1107	Space_MGH1573_2	RB1	Space			
1108	Space_MGH1573_2	TP53	Space			
1109	Space_MGH1573_2	CDH1	Space			
1110	Space_MGH1573_2	PIK3R1	Space			
1111	Space_MGH1573_2	NCOR1	Space			
1112	Space_MGH1573_2	MAP3K1	Space			
1113	Space_MGH1573_2	AKT1	Space			
1114	Space_MGH1573_2	GATA3	Space			
1115	Space_MGH1573_2	PTEN	Space			
1116	Space_MGH1108_1	KMT2D	Space			
1117	Space_MGH1108_1	BRAF	Space			
1118	Space_MGH1108_1	KMT2C	Space			
1119	Space_MGH1108_1	TBX3	Space			
1120	Space_MGH1108_1	KRAS	Space			
1121	Space_MGH1108_1	PIK3CA	Space			
1122	Space_MGH1108_1	ESR1	Space			
1123	Space_MGH1108_1	NF1	Space			
1124	Space_MGH1108_1	FOXA1	Space			
1125	Space_MGH1108_1	RB1	Space			
1126	Space_MGH1108_1	TP53	Space			
1127	Space_MGH1108_1	CDH1	Space			
1128	Space_MGH1108_1	PIK3R1	Space			
1129	Space_MGH1108_1	NCOR1	Space			
1130	Space_MGH1108_1	MAP3K1	Space			
1131	Space_MGH1108_1	AKT1	Space			
1132	Space_MGH1108_1	GATA3	Space			
1133	Space_MGH1108_1	PTEN	Space			
1134	Space_MGH1108_2	KMT2D	Space			
1135	Space_MGH1108_2	BRAF	Space			
1136	Space_MGH1108_2	KMT2C	Space			
1137	Space_MGH1108_2	TBX3	Space			
1138	Space_MGH1108_2	KRAS	Space			
1139	Space_MGH1108_2	PIK3CA	Space			
1140	Space_MGH1108_2	ESR1	Space			
1141	Space_MGH1108_2	NF1	Space			
1142	Space_MGH1108_2	FOXA1	Space			
1143	Space_MGH1108_2	RB1	Space			
1144	Space_MGH1108_2	TP53	Space			
1145	Space_MGH1108_2	CDH1	Space			
1146	Space_MGH1108_2	PIK3R1	Space			
1147	Space_MGH1108_2	NCOR1	Space			
1148	Space_MGH1108_2	MAP3K1	Space			
1149	Space_MGH1108_2	AKT1	Space			
1150	Space_MGH1108_2	GATA3	Space			
1151	Space_MGH1108_2	PTEN	Space			
1152	Space_MGH1108_1	KMT2D	Space			
1153	Space_MGH1108_1	BRAF	Space			
1154	Space_MGH1108_1	KMT2C	Space			
1155	Space_MGH1108_1	TBX3	Space			
1156	Space_MGH1108_1	KRAS	Space			
1157	Space_MGH1108_1	PIK3CA	Space			
1158	Space_MGH1108_1	ESR1	Space			
1159	Space_MGH1108_1	NF1	Space			
1160	Space_MGH1108_1	FOXA1	Space			
1161	Space_MGH1108_1	RB1	Space			
1162	Space_MGH1108_1	TP53	Space			
1163	Space_MGH1108_1	CDH1	Space			
1164	Space_MGH1108_1	PIK3R1	Space			
1165	Space_MGH1108_1	NCOR1	Space			
1166	Space_MGH1108_1	MAP3K1	Space			
1167	Space_MGH1108_1	AKT1	Space			
1168	Space_MGH1108_1	GATA3	Space			
1169	Space_MGH1108_1	PTEN	Space			
1170	Space_MGH1108_2	KMT2D	Space			
1171	Space_MGH1108_2	BRAF	Space			
1172	Space_MGH1108_2	KMT2C	Space			
1173	Space_MGH1108_2	TBX3	Space			
1174	Space_MGH1108_2	KRAS	Space			
1175	Space_MGH1108_2	PIK3CA	Space			
1176	Space_MGH1108_2	ESR1	Space			
1177	Space_MGH1108_2	NF1	Space			
1178	Space_MGH1108_2	FOXA1	Space			
1179	Space_MGH1108_2	RB1	Space			
1180	Space_MGH1108_2	TP53	Space			
1181	Space_MGH1108_2	CDH1	Space			
1182	Space_MGH1108_2	PIK3R1	Space			
1183	Space_MGH1108_2	NCOR1	Space			
1184	Space_MGH1108_2	MAP3K1	Space			
1185	Space_MGH1108_2	AKT1	Space			
1186	Space_MGH1108_2	GATA3	Space			
1187	Space_MGH1108_2	PTEN	Space			
1188	Space_MGH1015_1	KMT2D	Space			
1189	Space_MGH1015_1	BRAF	Space			
1190	Space_MGH1015_1	KMT2C	Space			
1191	Space_MGH1015_1	TBX3	Space			
1192	Space_MGH1015_1	KRAS	Space			
1193	Space_MGH1015_1	PIK3CA	Space			
1194	Space_MGH1015_1	ESR1	Space			
1195	Space_MGH1015_1	NF1	Space			
1196	Space_MGH1015_1	FOXA1	Space			
1197	Space_MGH1015_1	RB1	Space			
1198	Space_MGH1015_1	TP53	Space			
1199	Space_MGH1015_1	CDH1	Space			
1200	Space_MGH1015_1	PIK3R1	Space			
1201	Space_MGH1015_1	NCOR1	Space			
1202	Space_MGH1015_1	MAP3K1	Space			
1203	Space_MGH1015_1	AKT1	Space			
1204	Space_MGH1015_1	GATA3	Space			
1205	Space_MGH1015_1	PTEN	Space			
1206	Space_MGH1015_2	KMT2D	Space			
1207	Space_MGH1015_2	BRAF	Space			
1208	Space_MGH1015_2	KMT2C	Space			
1209	Space_MGH1015_2	TBX3	Space			
1210	Space_MGH1015_2	KRAS	Space			
1211	Space_MGH1015_2	PIK3CA	Space			
1212	Space_MGH1015_2	ESR1	Space			
1213	Space_MGH1015_2	NF1	Space			
1214	Space_MGH1015_2	FOXA1	Space			
1215	Space_MGH1015_2	RB1	Space			
1216	Space_MGH1015_2	TP53	Space			
1217	Space_MGH1015_2	CDH1	Space			
1218	Space_MGH1015_2	PIK3R1	Space			
1219	Space_MGH1015_2	NCOR1	Space			
1220	Space_MGH1015_2	MAP3K1	Space			
1221	Space_MGH1015_2	AKT1	Space			
1222	Space_MGH1015_2	GATA3	Space			
1223	Space_MGH1015_2	PTEN	Space			
1224	Space_MGH1015_1	KMT2D	Space			
1225	Space_MGH1015_1	BRAF	Space			
1226	Space_MGH1015_1	KMT2C	Space			
1227	Space_MGH1015_1	TBX3	Space			
1228	Space_MGH1015_1	KRAS	Space			
1229	Space_MGH1015_1	PIK3CA	Space			
1230	Space_MGH1015_1	ESR1	Space			
1231	Space_MGH1015_1	NF1	Space			
1232	Space_MGH1015_1	FOXA1	Space			
1233	Space_MGH1015_1	RB1	Space			
1234	Space_MGH1015_1	TP53	Space			
1235	Space_MGH1015_1	CDH1	Space			
1236	Space_MGH1015_1	PIK3R1	Space			
1237	Space_MGH1015_1	NCOR1	Space			
1238	Space_MGH1015_1	MAP3K1	Space			
1239	Space_MGH1015_1	AKT1	Space			
1240	Space_MGH1015_1	GATA3	Space			
1241	Space_MGH1015_1	PTEN	Space			
1242	Space_MGH1015_2	KMT2D	Space			
1243	Space_MGH1015_2	BRAF	Space			
1244	Space_MGH1015_2	KMT2C	Space			
1245	Space_MGH1015_2	TBX3	Space			
1246	Space_MGH1015_2	KRAS	Space			
1247	Space_MGH1015_2	PIK3CA	Space			
1248	Space_MGH1015_2	ESR1	Space			
1249	Space_MGH1015_2	NF1	Space			
1250	Space_MGH1015_2	FOXA1	Space			
1251	Space_MGH1015_2	RB1	Space			
1252	Space_MGH1015_2	TP53	Space			
1253	Space_MGH1015_2	CDH1	Space			
1254	Space_MGH1015_2	PIK3R1	Space			
1255	Space_MGH1015_2	NCOR1	Space			
1256	Space_MGH1015_2	MAP3K1	Space			
1257	Space_MGH1015_2	AKT1	Space			
1258	Space_MGH1015_2	GATA3	Space			
1259	Space_MGH1015_2	PTEN	Space			
1260	Space_MGH0004_1	KMT2D	Space			
1261	Space_MGH0004_1	BRAF	Space			
1262	Space_MGH0004_1	KMT2C	Space			
1263	Space_MGH0004_1	TBX3	Space			
1264	Space_MGH0004_1	KRAS	Space			
1265	Space_MGH0004_1	PIK3CA	Space			
1266	Space_MGH0004_1	ESR1	Space			
1267	Space_MGH0004_1	NF1	Space			
1268	Space_MGH0004_1	FOXA1	Space			
1269	Space_MGH0004_1	RB1	Space			
1270	Space_MGH0004_1	TP53	Space			
1271	Space_MGH0004_1	CDH1	Space			
1272	Space_MGH0004_1	PIK3R1	Space			
1273	Space_MGH0004_1	NCOR1	Space			
1274	Space_MGH0004_1	MAP3K1	Space			
1275	Space_MGH0004_1	AKT1	Space			
1276	Space_MGH0004_1	GATA3	Space			
1277	Space_MGH0004_1	PTEN	Space			
1278	Space_MGH0004_2	KMT2D	Space			
1279	Space_MGH0004_2	BRAF	Space			
1280	Space_MGH0004_2	KMT2C	Space			
1281	Space_MGH0004_2	TBX3	Space			
1282	Space_MGH0004_2	KRAS	Space			
1283	Space_MGH0004_2	PIK3CA	Space			
1284	Space_MGH0004_2	ESR1	Space			
1285	Space_MGH0004_2	NF1	Space			
1286	Space_MGH0004_2	FOXA1	Space			
1287	Space_MGH0004_2	RB1	Space			
1288	Space_MGH0004_2	TP53	Space			
1289	Space_MGH0004_2	CDH1	Space			
1290	Space_MGH0004_2	PIK3R1	Space			
1291	Space_MGH0004_2	NCOR1	Space			
1292	Space_MGH0004_2	MAP3K1	Space			
1293	Space_MGH0004_2	AKT1	Space			
1294	Space_MGH0004_2	GATA3	Space			
1295	Space_MGH0004_2	PTEN	Space			
1296	Space_MGH0004_1	KMT2D	Space			
1297	Space_MGH0004_1	BRAF	Space			
1298	Space_MGH0004_1	KMT2C	Space			
1299	Space_MGH0004_1	TBX3	Space			
1300	Space_MGH0004_1	KRAS	Space			
1301	Space_MGH0004_1	PIK3CA	Space			
1302	Space_MGH0004_1	ESR1	Space			
1303	Space_MGH0004_1	NF1	Space			
1304	Space_MGH0004_1	FOXA1	Space			
1305	Space_MGH0004_1	RB1	Space			
1306	Space_MGH0004_1	TP53	Space			
1307	Space_MGH0004_1	CDH1	Space			
1308	Space_MGH0004_1	PIK3R1	Space			
1309	Space_MGH0004_1	NCOR1	Space			
1310	Space_MGH0004_1	MAP3K1	Space			
1311	Space_MGH0004_1	AKT1	Space			
1312	Space_MGH0004_1	GATA3	Space			
1313	Space_MGH0004_1	PTEN	Space			
1314	Space_MGH0004_2	KMT2D	Space			
1315	Space_MGH0004_2	BRAF	Space			
1316	Space_MGH0004_2	KMT2C	Space			
1317	Space_MGH0004_2	TBX3	Space			
1318	Space_MGH0004_2	KRAS	Space			
1319	Space_MGH0004_2	PIK3CA	Space			
1320	Space_MGH0004_2	ESR1	Space			
1321	Space_MGH0004_2	NF1	Space			
1322	Space_MGH0004_2	FOXA1	Space			
1323	Space_MGH0004_2	RB1	Space			
1324	Space_MGH0004_2	TP53	Space			
1325	Space_MGH0004_2	CDH1	Space			
1326	Space_MGH0004_2	PIK3R1	Space			
1327	Space_MGH0004_2	NCOR1	Space			
1328	Space_MGH0004_2	MAP3K1	Space			
1329	Space_MGH0004_2	AKT1	Space			
1330	Space_MGH0004_2	GATA3	Space			
1331	Space_MGH0004_2	PTEN	Space			
1332	Space_MGH1099_1	KMT2D	Space			
1333	Space_MGH1099_1	BRAF	Space			
1334	Space_MGH1099_1	KMT2C	Space			
1335	Space_MGH1099_1	TBX3	Space			
1336	Space_MGH1099_1	KRAS	Space			
1337	Space_MGH1099_1	PIK3CA	Space			
1338	Space_MGH1099_1	ESR1	Space			
1339	Space_MGH1099_1	NF1	Space			
1340	Space_MGH1099_1	FOXA1	Space			
1341	Space_MGH1099_1	RB1	Space			
1342	Space_MGH1099_1	TP53	Space			
1343	Space_MGH1099_1	CDH1	Space			
1344	Space_MGH1099_1	PIK3R1	Space			
1345	Space_MGH1099_1	NCOR1	Space			
1346	Space_MGH1099_1	MAP3K1	Space			
1347	Space_MGH1099_1	AKT1	Space			
1348	Space_MGH1099_1	GATA3	Space			
1349	Space_MGH1099_1	PTEN	Space			
1350	Space_MGH1099_2	KMT2D	Space			
1351	Space_MGH1099_2	BRAF	Space			
1352	Space_MGH1099_2	KMT2C	Space			
1353	Space_MGH1099_2	TBX3	Space			
1354	Space_MGH1099_2	KRAS	Space			
1355	Space_MGH1099_2	PIK3CA	Space			
1356	Space_MGH1099_2	ESR1	Space			
1357	Space_MGH1099_2	NF1	Space			
1358	Space_MGH1099_2	FOXA1	Space			
1359	Space_MGH1099_2	RB1	Space			
1360	Space_MGH1099_2	TP53	Space			
1361	Space_MGH1099_2	CDH1	Space			
1362	Space_MGH1099_2	PIK3R1	Space			
1363	Space_MGH1099_2	NCOR1	Space			
1364	Space_MGH1099_2	MAP3K1	Space			
1365	Space_MGH1099_2	AKT1	Space			
1366	Space_MGH1099_2	GATA3	Space			
1367	Space_MGH1099_2	PTEN	Space			
469	Space_MGH0002_1	BRAF	Space			
470	Space_MGH0002_1	KMT2D	Space			
470	Space_MGH0002_1	KMT2C	Space			
471	Space_MGH0002_1	TBX3	Space			
472	Space_MGH0002_1	KRAS	Space			
473	Space_MGH0002_1	PIK3CA	Space			
474	Space_MGH0002_1	ESR1	Space			
475	Space_MGH0002_1	NF1	Space			
476	Space_MGH0002_1	FOXA1	Space			
477	Space_MGH0002_1	RB1	Space			
478	Space_MGH0002_1	TP53	Space			
479	Space_MGH0002_1	CDH1	Space			
480	Space_MGH0002_1	PIK3R1	Space			
481	Space_MGH0002_1	NCOR1	Space			
482	Space_MGH0002_1	MAP3K1	Space			
483	Space_MGH0002_1	AKT1	Space			
484	Space_MGH0002_1	GATA3	Space			
485	Space_MGH0002_1	PTEN	Space			
486	Space_MGH0002_2	KMT2D	Space			
487	Space_MGH0002_2	BRAF	Space			
488	Space_MGH0002_2	KMT2C	Space			
489	Space_MGH0002_2	TBX3	Space			
490	Space_MGH0002_2	KRAS	Space			
491	Space_MGH0002_2	PIK3CA	Space			
492	Space_MGH0002_2	ESR1	Space			
493	Space_MGH0002_2	NF1	Space			
494	Space_MGH0002_2	FOXA1	Space			
495	Space_MGH0002_2	RB1	Space			
496	Space_MGH0002_2	TP53	Space			
497	Space_MGH0002_2	CDH1	Space			
498	Space_MGH0002_2	PIK3R1	Space			
499	Space_MGH0002_2	NCOR1	Space			
500	Space_MGH0002_2	MAP3K1	Space			
501	Space_MGH0002_2	AKT1	Space			
502	Space_MGH0002_2	GATA3	Space			
503	Space_MGH0002_2	PTEN	Space			
469	Space_MGH1005_1	BRAF	Space			
470	Space_MGH1005_1	KMT2C	Space			
471	Space_MGH1005_1	TBX3	Space			
472	Space_MGH1005_1	KRAS	Space			
473	Space_MGH1005_1	PIK3CA	Space			
474	Space_MGH1005_1	ESR1	Space			
475	Space_MGH1005_1	NF1	Space			
476	Space_MGH1005_1	FOXA1	Space			
477	Space_MGH1005_1	RB1	Space			
478	Space_MGH1005_1	TP53	Space			
478	Space_MGH1005_1	KMT2D	Space			
479	Space_MGH1005_1	CDH1	Space			
480	Space_MGH1005_1	PIK3R1	Space			
481	Space_MGH1005_1	NCOR1	Space			
482	Space_MGH1005_1	MAP3K1	Space			
483	Space_MGH1005_1	AKT1	Space			
484	Space_MGH1005_1	GATA3	Space			
485	Space_MGH1005_1	PTEN	Space			
486	Space_MGH1005_2	KMT2D	Space			
487	Space_MGH1005_2	BRAF	Space			
488	Space_MGH1005_2	KMT2C	Space			
489	Space_MGH1005_2	TBX3	Space			
490	Space_MGH1005_2	KRAS	Space			
491	Space_MGH1005_2	PIK3CA	Space			
492	Space_MGH1005_2	ESR1	Space			
493	Space_MGH1005_2	NF1	Space			
494	Space_MGH1005_2	FOXA1	Space			
495	Space_MGH1005_2	RB1	Space			
496	Space_MGH1005_2	TP53	Space			
497	Space_MGH1005_2	CDH1	Space			
498	Space_MGH1005_2	PIK3R1	Space			
499	Space_MGH1005_2	NCOR1	Space			
500	Space_MGH1005_2	MAP3K1	Space			
501	Space_MGH1005_2	AKT1	Space			
502	Space_MGH1005_2	GATA3	Space			
503	Space_MGH1005_2	PTEN	Space			