sample	category	value	t_ref_count	t_alt_count	Protein_change
MGH0001-A-pre	AKT1	Missense_Mutation	66	26	p.E17K
MGH0001-A-pre	ESR1	Missense_Mutation	431	15	p.D538G
MGH0001-A-pre	BRAF	Missense_Mutation	223	15	p.N372S
MGH0001-A-pre	TP53	Missense_Mutation	390	23	p.R280T
MGH0001-A-pre	TP53	Missense_Mutation	210	11	p.R175H
MGH0001-A-pre	NCOR1	In_Frame_Del	65	25	p.K528del
MGH0001-A-pre	KMT2C	In_Frame_Del	63	27	p.QP13del
MGH0001-B-post	AKT1	Missense_Mutation	128	46	p.E17K
MGH0001-B-post	NCOR1	Missense_Mutation	123	52	p.P1994S
MGH0001-B-post	CDH1	Missense_Mutation	604	94	p.D433N
MGH0001-B-post	RB1	Frame_Shift	144	108	p.R71fs
MGH0001-B-post	NCOR1	In_Frame_Del	118	18	p.K528del
MGH0001-B-post	TP53	In_Frame_Del	228	117	p.T253del
MGH0001-B-post	KMT2C	In_Frame_Del	136	61	p.QP13del
MGH0001-C-post	KRAS	Missense_Mutation	295	11	p.G12S
MGH0001-C-post	TP53	Missense_Mutation	224	151	p.R273C
MGH0001-C-post	AKT1	Missense_Mutation	68	51	p.E17K
MGH0001-C-post	KMT2D	Missense_Mutation	142	9	p.P2053A
MGH0001-C-post	NCOR1	In_Frame_Del	108	25	p.K528del
MGH0001-C-post	KMT2C	In_Frame_Del	73	39	p.QP13del
MGH0003-C-pre	PIK3CA	Missense_Mutation	19	4	p.H1047R
MGH0003-B-post	PIK3CA	Missense_Mutation	13	22	p.H1047R
MGH0003-B-post	FOXA1	Missense_Mutation	12	11	p.R261S
MGH0003-B-post	PIK3CA	Missense_Mutation	25	13	p.E545Q
MGH0005-C-pre	PTEN	Nonsense_Mutation	403	175	p.R130*
MGH0005-C-pre	GATA3	Frame_Shift	486	97	p.S316fs
MGH0005-A-pre	PTEN	Nonsense_Mutation	91	9	p.R130*
MGH0005-A-pre	GATA3	Frame_Shift	171	5	p.S316fs
MGH0006-A-pre	TP53	Missense_Mutation	446	48	p.R290H
MGH0006-B-pre	TP53	Missense_Mutation	18	10	p.R290H
MGH0006-C-post	TP53	Missense_Mutation	54	55	p.R290H
MGH0007-A-pre	KRAS	Missense_Mutation	25	43	p.G12C
MGH0007-A-pre	TP53	Missense_Mutation	33	95	p.S241F
MGH0007-A-pre	NCOR1	Frame_Shift	34	71	p.G1557fs
MGH0007-A-pre	CDH1	Frame_Shift	36	48	p.N432fs
MGH0007-B-post	KRAS	Missense_Mutation	228	27	p.G12C
MGH0007-B-post	TP53	Missense_Mutation	386	34	p.S241F
MGH0007-B-post	NCOR1	Frame_Shift	334	33	p.G1557fs
MGH0007-B-post	CDH1	Frame_Shift	287	26	p.N432fs
MGH1002-A-pre	TP53	Missense_Mutation	21	19	p.A83S
MGH1002-A-pre	PIK3CA	Missense_Mutation	68	35	p.I817F
MGH1002-B-post	ESR1	Missense_Mutation	337	86	p.D538G
MGH1002-B-post	TP53	Missense_Mutation	26	32	p.A83S
MGH1002-B-post	PIK3CA	Missense_Mutation	91	80	p.I817F
MGH1006-A-pre	CDH1	Frame_Shift	84	71	p.LL581fs
MGH1006-B-post	ESR1	Missense_Mutation	577	126	p.Y537S
MGH1006-B-post	CDH1	Frame_Shift	155	144	p.LL581fs
MGH1009-A-pre	PIK3R1	Missense_Mutation	108	63	p.K567E
MGH1009-A-pre	NCOR1	Missense_Mutation	165	126	p.I1086V
MGH1009-A-pre	GATA3	Frame_Shift	1105	107	p.G334fs
MGH1009-B-post	PIK3R1	Missense_Mutation	92	33	p.K567E
MGH1009-B-post	ESR1	Missense_Mutation	435	144	p.Y537S
MGH1009-B-post	NCOR1	Missense_Mutation	160	121	p.I1086V
MGH1009-B-post	GATA3	Frame_Shift	861	122	p.G334fs
MGH1030-A-pre	NF1	Missense_Mutation	51	21	p.A2532V
MGH1030-A-pre	MAP3K1	Missense_Mutation	22	20	p.L1083F
MGH1030-B-post	BRAF	Missense_Mutation	36	4	p.P751T
MGH1030-B-post	NF1	Missense_Mutation	37	31	p.A2532V
MGH1030-B-post	PIK3CA	Missense_Mutation	16	7	p.E545K
MGH1030-B-post	MAP3K1	Missense_Mutation	15	18	p.L1083F
MGH1041-A-pre	KMT2D	Missense_Mutation	32	47	p.P998T
MGH1041-A-pre	GATA3	Frame_Shift	233	82	p.P408fs
MGH1041-B-post	KMT2D	Missense_Mutation	38	32	p.P998T
MGH1041-B-post	GATA3	Frame_Shift	148	60	p.P408fs
MGH1101-A-pre	KMT2D	Missense_Mutation	68	26	p.R5320C
MGH1101-A-pre	PTEN	Missense_Mutation	163	165	p.I135V
MGH1112-C-pre	ESR1	Missense_Mutation	346	119	p.G390V
MGH1112-C-pre	ESR1	Missense_Mutation	515	24	p.Y537S
MGH1112-A-pre	ESR1	Missense_Mutation	14	5	p.G390V
MGH1112-A-pre	ESR1	Missense_Mutation	23	4	p.Y537S
MGH1112-B-post	ESR1	Missense_Mutation	161	88	p.G390V
MGH1112-B-post	ESR1	Missense_Mutation	368	83	p.Y537S
MGH1173-A-pre	ESR1	Missense_Mutation	23	4	p.D538G
MGH1173-B-post	ESR1	Missense_Mutation	498	69	p.D538G
MGH1328-B-post	GATA3	Missense_Mutation	487	419	p.M294K
MGH1328-B-post	RB1	Missense_Mutation	28	185	p.E864Q
MGH1328-B-post	FOXA1	Missense_Mutation	31	19	p.F266L
MGH1328-B-post	NF1	Nonsense_Mutation	22	180	p.R1241*
MGH1328-B-post	PIK3CA	Missense_Mutation	73	66	p.H1047R
MGH1534-C-pre	TBX3	Missense_Mutation	425	17	p.H227Y
MGH1534-C-pre	CDH1	Nonsense_Mutation	630	81	p.E757*
MGH1534-C-pre	PIK3CA	Missense_Mutation	149	17	p.E542K
MGH1534-C-pre	BRAF	Missense_Mutation	453	57	p.V600E
MGH1573-B-post	ESR1	Missense_Mutation	360	75	p.Y537S
MGH1108-C-pre	PTEN	Nonsense_Mutation	40	14	p.Q214*
MGH1108-C-pre	KMT2C	Nonsense_Mutation	15	6	p.K489*
MGH1108-C-pre	CDH1	Frame_Shift	47	27	p.L583fs
MGH1108-B-post	PTEN	Nonsense_Mutation	31	86	p.Q214*
MGH1108-B-post	KMT2C	Nonsense_Mutation	35	49	p.K489*
MGH1108-B-post	TP53	Missense_Mutation	48	189	p.V197L
MGH1108-B-post	CDH1	Frame_Shift	36	135	p.L583fs
MGH1015-B-pre	PIK3CA	Missense_Mutation	10	23	p.H1047R
MGH1015-D-post	PIK3CA	Missense_Mutation	0	4	p.H1047R
MGH0004-B-post	ESR1	Missense_Mutation	99	20	p.Y537N
MGH0004-B-post	TP53	Missense_Mutation	80	52	p.R273H
MGH0004-C-post	TP53	Missense_Mutation	113	135	p.R273H
MGH0004-C-post	ESR1	Missense_Mutation	284	131	p.D538G
MGH1099-B-post	PIK3CA	Missense_Mutation	135	7	p.E545K
MGH1099-B-post	GATA3	Frame_Shift	205	39	p.S426fs